"LOCATION","INDICATOR","SUBJECT","MEASURE","FREQUENCY","TIME","Value","Flag Codes"
"AUS","GGDEBT","TOT","PC_GDP","A","1995",57.81464,
"AUS","GGDEBT","TOT","PC_GDP","A","1996",54.86277,
"AUS","GGDEBT","TOT","PC_GDP","A","1997",53.39208,
"AUS","GGDEBT","TOT","PC_GDP","A","1998",49.75021,
"AUS","GGDEBT","TOT","PC_GDP","A","1999",42.02913,
"AUS","GGDEBT","TOT","PC_GDP","A","2000",38.42197,
"AUS","GGDEBT","TOT","PC_GDP","A","2001",37.85905,
"AUS","GGDEBT","TOT","PC_GDP","A","2002",36.36391,
"AUS","GGDEBT","TOT","PC_GDP","A","2003",33.51073,
"AUS","GGDEBT","TOT","PC_GDP","A","2004",30.3709,
"AUS","GGDEBT","TOT","PC_GDP","A","2005",28.58821,
"AUS","GGDEBT","TOT","PC_GDP","A","2006",28.05523,
"AUS","GGDEBT","TOT","PC_GDP","A","2007",26.88064,
"AUS","GGDEBT","TOT","PC_GDP","A","2008",29.68334,
"AUS","GGDEBT","TOT","PC_GDP","A","2009",38.28928,
"AUS","GGDEBT","TOT","PC_GDP","A","2010",41.31482,
"AUS","GGDEBT","TOT","PC_GDP","A","2011",45.81192,
"AUS","GGDEBT","TOT","PC_GDP","A","2012",58.61568,
"AUS","GGDEBT","TOT","PC_GDP","A","2013",55.14506,
"AUS","GGDEBT","TOT","PC_GDP","A","2014",61.11962,
"AUS","GGDEBT","TOT","PC_GDP","A","2015",64.39371,
"AUS","GGDEBT","TOT","PC_GDP","A","2016",68.94744,
"AUS","GGDEBT","TOT","PC_GDP","A","2017",66.25739,
"AUS","GGDEBT","TOT","PC_GDP","A","2018",66.92135,
"AUS","GGDEBT","TOT","PC_GDP","A","2019",76.98027,
"AUS","GGDEBT","TOT","PC_GDP","A","2020",92.60758,
"AUS","GGDEBT","TOT","PC_GDP","A","2021",84.38244,
"AUT","GGDEBT","TOT","PC_GDP","A","1995",69.17403,
"AUT","GGDEBT","TOT","PC_GDP","A","1996",69.71158,
"AUT","GGDEBT","TOT","PC_GDP","A","1997",65.372,
"AUT","GGDEBT","TOT","PC_GDP","A","1998",67.11701,
"AUT","GGDEBT","TOT","PC_GDP","A","1999",70.72529,
"AUT","GGDEBT","TOT","PC_GDP","A","2000",71.04991,
"AUT","GGDEBT","TOT","PC_GDP","A","2001",72.1219,
"AUT","GGDEBT","TOT","PC_GDP","A","2002",74.02462,
"AUT","GGDEBT","TOT","PC_GDP","A","2003",72.53215,
"AUT","GGDEBT","TOT","PC_GDP","A","2004",71.7653,
"AUT","GGDEBT","TOT","PC_GDP","A","2005",76.25182,
"AUT","GGDEBT","TOT","PC_GDP","A","2006",72.68636,
"AUT","GGDEBT","TOT","PC_GDP","A","2007",68.96463,
"AUT","GGDEBT","TOT","PC_GDP","A","2008",74.19278,
"AUT","GGDEBT","TOT","PC_GDP","A","2009",86.33044,
"AUT","GGDEBT","TOT","PC_GDP","A","2010",90.54397,
"AUT","GGDEBT","TOT","PC_GDP","A","2011",91.4737,
"AUT","GGDEBT","TOT","PC_GDP","A","2012",97.33756,
"AUT","GGDEBT","TOT","PC_GDP","A","2013",94.3597,
"AUT","GGDEBT","TOT","PC_GDP","A","2014",101.8692,
"AUT","GGDEBT","TOT","PC_GDP","A","2015",101.2852,
"AUT","GGDEBT","TOT","PC_GDP","A","2016",102.5335,
"AUT","GGDEBT","TOT","PC_GDP","A","2017",96.27682,
"AUT","GGDEBT","TOT","PC_GDP","A","2018",90.80019,
"AUT","GGDEBT","TOT","PC_GDP","A","2019",89.13332,
"AUT","GGDEBT","TOT","PC_GDP","A","2020",107.3411,
"BEL","GGDEBT","TOT","PC_GDP","A","1995",139.3217,
"BEL","GGDEBT","TOT","PC_GDP","A","1996",141.0966,
"BEL","GGDEBT","TOT","PC_GDP","A","1997",135.4402,
"BEL","GGDEBT","TOT","PC_GDP","A","1998",139.397,
"BEL","GGDEBT","TOT","PC_GDP","A","1999",127.9947,
"BEL","GGDEBT","TOT","PC_GDP","A","2000",121.6588,
"BEL","GGDEBT","TOT","PC_GDP","A","2001",120.0464,
"BEL","GGDEBT","TOT","PC_GDP","A","2002",119.5324,
"BEL","GGDEBT","TOT","PC_GDP","A","2003",115.7454,
"BEL","GGDEBT","TOT","PC_GDP","A","2004",111.3621,
"BEL","GGDEBT","TOT","PC_GDP","A","2005",108.9884,
"BEL","GGDEBT","TOT","PC_GDP","A","2006",101.0699,
"BEL","GGDEBT","TOT","PC_GDP","A","2007",94.63382,
"BEL","GGDEBT","TOT","PC_GDP","A","2008",102.3672,
"BEL","GGDEBT","TOT","PC_GDP","A","2009",110.7298,
"BEL","GGDEBT","TOT","PC_GDP","A","2010",108.6802,
"BEL","GGDEBT","TOT","PC_GDP","A","2011",111.6199,
"BEL","GGDEBT","TOT","PC_GDP","A","2012",120.9842,
"BEL","GGDEBT","TOT","PC_GDP","A","2013",118.6525,
"BEL","GGDEBT","TOT","PC_GDP","A","2014",130.6015,
"BEL","GGDEBT","TOT","PC_GDP","A","2015",126.2408,
"BEL","GGDEBT","TOT","PC_GDP","A","2016",127.6686,
"BEL","GGDEBT","TOT","PC_GDP","A","2017",120.8399,
"BEL","GGDEBT","TOT","PC_GDP","A","2018",117.7801,
"BEL","GGDEBT","TOT","PC_GDP","A","2019",119.714,
"BEL","GGDEBT","TOT","PC_GDP","A","2020",140.7059,
"BEL","GGDEBT","TOT","PC_GDP","A","2021",127.7692,
"CAN","GGDEBT","TOT","PC_GDP","A","1995",123.963,
"CAN","GGDEBT","TOT","PC_GDP","A","1996",130.0463,
"CAN","GGDEBT","TOT","PC_GDP","A","1997",123.9435,
"CAN","GGDEBT","TOT","PC_GDP","A","1998",123.4714,
"CAN","GGDEBT","TOT","PC_GDP","A","1999",113.8759,
"CAN","GGDEBT","TOT","PC_GDP","A","2000",105.0706,
"CAN","GGDEBT","TOT","PC_GDP","A","2001",104.7761,
"CAN","GGDEBT","TOT","PC_GDP","A","2002",103.5752,
"CAN","GGDEBT","TOT","PC_GDP","A","2003",99.24104,
"CAN","GGDEBT","TOT","PC_GDP","A","2004",95.32219,
"CAN","GGDEBT","TOT","PC_GDP","A","2005",93.87299,
"CAN","GGDEBT","TOT","PC_GDP","A","2006",91.14863,
"CAN","GGDEBT","TOT","PC_GDP","A","2007",86.95379,
"CAN","GGDEBT","TOT","PC_GDP","A","2008",89.72452,
"CAN","GGDEBT","TOT","PC_GDP","A","2009",102.7107,
"CAN","GGDEBT","TOT","PC_GDP","A","2010",105.0162,
"CAN","GGDEBT","TOT","PC_GDP","A","2011",107.6598,
"CAN","GGDEBT","TOT","PC_GDP","A","2012",111.3064,
"CAN","GGDEBT","TOT","PC_GDP","A","2013",107.3399,
"CAN","GGDEBT","TOT","PC_GDP","A","2014",108.3714,
"CAN","GGDEBT","TOT","PC_GDP","A","2015",114.6647,
"CAN","GGDEBT","TOT","PC_GDP","A","2016",114.1737,
"CAN","GGDEBT","TOT","PC_GDP","A","2017",108.5678,
"CAN","GGDEBT","TOT","PC_GDP","A","2018",107.4986,
"CAN","GGDEBT","TOT","PC_GDP","A","2019",106.8954,
"CAN","GGDEBT","TOT","PC_GDP","A","2020",141.8694,
"CAN","GGDEBT","TOT","PC_GDP","A","2021",130.4703,
"CZE","GGDEBT","TOT","PC_GDP","A","1995",18.05193,
"CZE","GGDEBT","TOT","PC_GDP","A","1996",16.65339,
"CZE","GGDEBT","TOT","PC_GDP","A","1997",17.02323,
"CZE","GGDEBT","TOT","PC_GDP","A","1998",17.89941,
"CZE","GGDEBT","TOT","PC_GDP","A","1999",23.71132,
"CZE","GGDEBT","TOT","PC_GDP","A","2000",24.3157,
"CZE","GGDEBT","TOT","PC_GDP","A","2001",28.27791,
"CZE","GGDEBT","TOT","PC_GDP","A","2002",30.58475,
"CZE","GGDEBT","TOT","PC_GDP","A","2003",33.31659,
"CZE","GGDEBT","TOT","PC_GDP","A","2004",32.90155,
"CZE","GGDEBT","TOT","PC_GDP","A","2005",32.40132,
"CZE","GGDEBT","TOT","PC_GDP","A","2006",31.97211,
"CZE","GGDEBT","TOT","PC_GDP","A","2007",30.56147,
"CZE","GGDEBT","TOT","PC_GDP","A","2008",32.96545,
"CZE","GGDEBT","TOT","PC_GDP","A","2009",39.66047,
"CZE","GGDEBT","TOT","PC_GDP","A","2010",44.05919,
"CZE","GGDEBT","TOT","PC_GDP","A","2011",46.98329,
"CZE","GGDEBT","TOT","PC_GDP","A","2012",56.23002,
"CZE","GGDEBT","TOT","PC_GDP","A","2013",55.96956,
"CZE","GGDEBT","TOT","PC_GDP","A","2014",54.84251,
"CZE","GGDEBT","TOT","PC_GDP","A","2015",51.70708,
"CZE","GGDEBT","TOT","PC_GDP","A","2016",47.43294,
"CZE","GGDEBT","TOT","PC_GDP","A","2017",43.32781,
"CZE","GGDEBT","TOT","PC_GDP","A","2018",39.73031,
"CZE","GGDEBT","TOT","PC_GDP","A","2019",37.45358,
"CZE","GGDEBT","TOT","PC_GDP","A","2020",46.41829,
"DNK","GGDEBT","TOT","PC_GDP","A","1995",81.55622,
"DNK","GGDEBT","TOT","PC_GDP","A","1996",79.12815,
"DNK","GGDEBT","TOT","PC_GDP","A","1997",75.00217,
"DNK","GGDEBT","TOT","PC_GDP","A","1998",72.57378,
"DNK","GGDEBT","TOT","PC_GDP","A","1999",67.09554,
"DNK","GGDEBT","TOT","PC_GDP","A","2000",60.4558,
"DNK","GGDEBT","TOT","PC_GDP","A","2001",58.27705,
"DNK","GGDEBT","TOT","PC_GDP","A","2002",58.14748,
"DNK","GGDEBT","TOT","PC_GDP","A","2003",56.06913,
"DNK","GGDEBT","TOT","PC_GDP","A","2004",52.3359,
"DNK","GGDEBT","TOT","PC_GDP","A","2005",45.11943,
"DNK","GGDEBT","TOT","PC_GDP","A","2006",40.49266,
"DNK","GGDEBT","TOT","PC_GDP","A","2007",34.59382,
"DNK","GGDEBT","TOT","PC_GDP","A","2008",41.93992,
"DNK","GGDEBT","TOT","PC_GDP","A","2009",49.26747,
"DNK","GGDEBT","TOT","PC_GDP","A","2010",53.44129,
"DNK","GGDEBT","TOT","PC_GDP","A","2011",60.11121,
"DNK","GGDEBT","TOT","PC_GDP","A","2012",60.61518,
"DNK","GGDEBT","TOT","PC_GDP","A","2013",56.73219,
"DNK","GGDEBT","TOT","PC_GDP","A","2014",59.14192,
"DNK","GGDEBT","TOT","PC_GDP","A","2015",53.42833,
"DNK","GGDEBT","TOT","PC_GDP","A","2016",51.5063,
"DNK","GGDEBT","TOT","PC_GDP","A","2017",48.98525,
"DNK","GGDEBT","TOT","PC_GDP","A","2018",47.18268,
"DNK","GGDEBT","TOT","PC_GDP","A","2019",48.35806,
"DNK","GGDEBT","TOT","PC_GDP","A","2020",58.33851,
"DNK","GGDEBT","TOT","PC_GDP","A","2021",50.32187,
"FIN","GGDEBT","TOT","PC_GDP","A","1995",62.91692,
"FIN","GGDEBT","TOT","PC_GDP","A","1996",63.74421,
"FIN","GGDEBT","TOT","PC_GDP","A","1997",62.12785,
"FIN","GGDEBT","TOT","PC_GDP","A","1998",59.07416,
"FIN","GGDEBT","TOT","PC_GDP","A","1999",53.02011,
"FIN","GGDEBT","TOT","PC_GDP","A","2000",50.94326,
"FIN","GGDEBT","TOT","PC_GDP","A","2001",48.34126,
"FIN","GGDEBT","TOT","PC_GDP","A","2002",48.17222,
"FIN","GGDEBT","TOT","PC_GDP","A","2003",49.13574,
"FIN","GGDEBT","TOT","PC_GDP","A","2004",49.30964,
"FIN","GGDEBT","TOT","PC_GDP","A","2005",46.4469,
"FIN","GGDEBT","TOT","PC_GDP","A","2006",43.01116,
"FIN","GGDEBT","TOT","PC_GDP","A","2007",38.99194,
"FIN","GGDEBT","TOT","PC_GDP","A","2008",38.17002,
"FIN","GGDEBT","TOT","PC_GDP","A","2009",49.0363,
"FIN","GGDEBT","TOT","PC_GDP","A","2010",54.80778,
"FIN","GGDEBT","TOT","PC_GDP","A","2011",57.23593,
"FIN","GGDEBT","TOT","PC_GDP","A","2012",63.98922,
"FIN","GGDEBT","TOT","PC_GDP","A","2013",64.522,
"FIN","GGDEBT","TOT","PC_GDP","A","2014",71.26928,
"FIN","GGDEBT","TOT","PC_GDP","A","2015",75.23145,
"FIN","GGDEBT","TOT","PC_GDP","A","2016",75.60892,
"FIN","GGDEBT","TOT","PC_GDP","A","2017",73.04077,
"FIN","GGDEBT","TOT","PC_GDP","A","2018",69.948,
"FIN","GGDEBT","TOT","PC_GDP","A","2019",69.91053,
"FIN","GGDEBT","TOT","PC_GDP","A","2020",81.43848,
"FRA","GGDEBT","TOT","PC_GDP","A","1995",67.29042,
"FRA","GGDEBT","TOT","PC_GDP","A","1996",73.29137,
"FRA","GGDEBT","TOT","PC_GDP","A","1997",75.95255,
"FRA","GGDEBT","TOT","PC_GDP","A","1998",77.6053,
"FRA","GGDEBT","TOT","PC_GDP","A","1999",74.01518,
"FRA","GGDEBT","TOT","PC_GDP","A","2000",72.42918,
"FRA","GGDEBT","TOT","PC_GDP","A","2001",71.47308,
"FRA","GGDEBT","TOT","PC_GDP","A","2002",75.16156,
"FRA","GGDEBT","TOT","PC_GDP","A","2003",79.07757,
"FRA","GGDEBT","TOT","PC_GDP","A","2004",80.54945,
"FRA","GGDEBT","TOT","PC_GDP","A","2005",82.14224,
"FRA","GGDEBT","TOT","PC_GDP","A","2006",77.26933,
"FRA","GGDEBT","TOT","PC_GDP","A","2007",75.94181,
"FRA","GGDEBT","TOT","PC_GDP","A","2008",82.50349,
"FRA","GGDEBT","TOT","PC_GDP","A","2009",97.5731,
"FRA","GGDEBT","TOT","PC_GDP","A","2010",100.9953,
"FRA","GGDEBT","TOT","PC_GDP","A","2011",103.8066,
"FRA","GGDEBT","TOT","PC_GDP","A","2012",111.9382,
"FRA","GGDEBT","TOT","PC_GDP","A","2013",112.4676,
"FRA","GGDEBT","TOT","PC_GDP","A","2014",120.1551,
"FRA","GGDEBT","TOT","PC_GDP","A","2015",120.8252,
"FRA","GGDEBT","TOT","PC_GDP","A","2016",123.6707,
"FRA","GGDEBT","TOT","PC_GDP","A","2017",122.9442,
"FRA","GGDEBT","TOT","PC_GDP","A","2018",120.7452,
"FRA","GGDEBT","TOT","PC_GDP","A","2019",123.088,
"FRA","GGDEBT","TOT","PC_GDP","A","2020",145.3279,
"DEU","GGDEBT","TOT","PC_GDP","A","1995",54.24562,
"DEU","GGDEBT","TOT","PC_GDP","A","1996",57.34576,
"DEU","GGDEBT","TOT","PC_GDP","A","1997",58.83864,
"DEU","GGDEBT","TOT","PC_GDP","A","1998",61.02288,
"DEU","GGDEBT","TOT","PC_GDP","A","1999",61.34218,
"DEU","GGDEBT","TOT","PC_GDP","A","2000",62.8784,
"DEU","GGDEBT","TOT","PC_GDP","A","2001",61.51339,
"DEU","GGDEBT","TOT","PC_GDP","A","2002",64.33588,
"DEU","GGDEBT","TOT","PC_GDP","A","2003",67.14529,
"DEU","GGDEBT","TOT","PC_GDP","A","2004",69.06887,
"DEU","GGDEBT","TOT","PC_GDP","A","2005",71.62417,
"DEU","GGDEBT","TOT","PC_GDP","A","2006",68.97383,
"DEU","GGDEBT","TOT","PC_GDP","A","2007",66.34418,
"DEU","GGDEBT","TOT","PC_GDP","A","2008",70.86845,
"DEU","GGDEBT","TOT","PC_GDP","A","2009",77.74439,
"DEU","GGDEBT","TOT","PC_GDP","A","2010",87.08134,
"DEU","GGDEBT","TOT","PC_GDP","A","2011",86.12257,
"DEU","GGDEBT","TOT","PC_GDP","A","2012",88.60544,
"DEU","GGDEBT","TOT","PC_GDP","A","2013",84.0567,
"DEU","GGDEBT","TOT","PC_GDP","A","2014",83.8833,
"DEU","GGDEBT","TOT","PC_GDP","A","2015",79.75111,
"DEU","GGDEBT","TOT","PC_GDP","A","2016",76.96603,
"DEU","GGDEBT","TOT","PC_GDP","A","2017",72.35247,
"DEU","GGDEBT","TOT","PC_GDP","A","2018",69.07214,
"DEU","GGDEBT","TOT","PC_GDP","A","2019",67.50011,
"DEU","GGDEBT","TOT","PC_GDP","A","2020",78.66212,
"GRC","GGDEBT","TOT","PC_GDP","A","1995",97.84429,
"GRC","GGDEBT","TOT","PC_GDP","A","1996",98.98184,
"GRC","GGDEBT","TOT","PC_GDP","A","1997",103.5194,
"GRC","GGDEBT","TOT","PC_GDP","A","1998",102.1273,
"GRC","GGDEBT","TOT","PC_GDP","A","1999",102.9808,
"GRC","GGDEBT","TOT","PC_GDP","A","2000",112.5661,
"GRC","GGDEBT","TOT","PC_GDP","A","2001",116.2653,
"GRC","GGDEBT","TOT","PC_GDP","A","2002",117.5052,
"GRC","GGDEBT","TOT","PC_GDP","A","2003",111.0322,
"GRC","GGDEBT","TOT","PC_GDP","A","2004",115.3293,
"GRC","GGDEBT","TOT","PC_GDP","A","2005",116.8701,
"GRC","GGDEBT","TOT","PC_GDP","A","2006",115.5393,
"GRC","GGDEBT","TOT","PC_GDP","A","2007",113.001,
"GRC","GGDEBT","TOT","PC_GDP","A","2008",117.6431,
"GRC","GGDEBT","TOT","PC_GDP","A","2009",135.5171,
"GRC","GGDEBT","TOT","PC_GDP","A","2010",130.3572,
"GRC","GGDEBT","TOT","PC_GDP","A","2011",113.5752,
"GRC","GGDEBT","TOT","PC_GDP","A","2012",167.0901,
"GRC","GGDEBT","TOT","PC_GDP","A","2013",181.3776,
"GRC","GGDEBT","TOT","PC_GDP","A","2014",183.0746,
"GRC","GGDEBT","TOT","PC_GDP","A","2015",184.1773,
"GRC","GGDEBT","TOT","PC_GDP","A","2016",188.9449,
"GRC","GGDEBT","TOT","PC_GDP","A","2017",192.9974,
"GRC","GGDEBT","TOT","PC_GDP","A","2018",199.3277,
"GRC","GGDEBT","TOT","PC_GDP","A","2019",200.8267,
"GRC","GGDEBT","TOT","PC_GDP","A","2020",236.8744,
"GRC","GGDEBT","TOT","PC_GDP","A","2021",222.373,
"HUN","GGDEBT","TOT","PC_GDP","A","1995",87.50822,
"HUN","GGDEBT","TOT","PC_GDP","A","1996",75.94808,
"HUN","GGDEBT","TOT","PC_GDP","A","1997",66.11561,
"HUN","GGDEBT","TOT","PC_GDP","A","1998",65.4857,
"HUN","GGDEBT","TOT","PC_GDP","A","1999",67.25027,
"HUN","GGDEBT","TOT","PC_GDP","A","2000",61.55579,
"HUN","GGDEBT","TOT","PC_GDP","A","2001",59.49084,
"HUN","GGDEBT","TOT","PC_GDP","A","2002",60.63492,
"HUN","GGDEBT","TOT","PC_GDP","A","2003",61.37631,
"HUN","GGDEBT","TOT","PC_GDP","A","2004",64.66929,
"HUN","GGDEBT","TOT","PC_GDP","A","2005",67.55589,
"HUN","GGDEBT","TOT","PC_GDP","A","2006",70.85043,
"HUN","GGDEBT","TOT","PC_GDP","A","2007",71.84193,
"HUN","GGDEBT","TOT","PC_GDP","A","2008",75.72301,
"HUN","GGDEBT","TOT","PC_GDP","A","2009",84.87735,
"HUN","GGDEBT","TOT","PC_GDP","A","2010",86.02636,
"HUN","GGDEBT","TOT","PC_GDP","A","2011",95.10233,
"HUN","GGDEBT","TOT","PC_GDP","A","2012",98.38237,
"HUN","GGDEBT","TOT","PC_GDP","A","2013",97.16262,
"HUN","GGDEBT","TOT","PC_GDP","A","2014",100.5844,
"HUN","GGDEBT","TOT","PC_GDP","A","2015",98.79709,
"HUN","GGDEBT","TOT","PC_GDP","A","2016",98.65585,
"HUN","GGDEBT","TOT","PC_GDP","A","2017",93.20982,
"HUN","GGDEBT","TOT","PC_GDP","A","2018",86.86371,
"HUN","GGDEBT","TOT","PC_GDP","A","2019",84.07641,
"HUN","GGDEBT","TOT","PC_GDP","A","2020",97.35785,
"HUN","GGDEBT","TOT","PC_GDP","A","2021",88.57599,
"IRL","GGDEBT","TOT","PC_GDP","A","1998",61.19794,
"IRL","GGDEBT","TOT","PC_GDP","A","1999",50.39738,
"IRL","GGDEBT","TOT","PC_GDP","A","2000",38.67633,
"IRL","GGDEBT","TOT","PC_GDP","A","2001",35.5011,
"IRL","GGDEBT","TOT","PC_GDP","A","2002",34.05502,
"IRL","GGDEBT","TOT","PC_GDP","A","2003",32.7869,
"IRL","GGDEBT","TOT","PC_GDP","A","2004",31.42193,
"IRL","GGDEBT","TOT","PC_GDP","A","2005",31.31408,
"IRL","GGDEBT","TOT","PC_GDP","A","2006",27.63792,
"IRL","GGDEBT","TOT","PC_GDP","A","2007",27.4756,
"IRL","GGDEBT","TOT","PC_GDP","A","2008",47.29154,
"IRL","GGDEBT","TOT","PC_GDP","A","2009",67.46944,
"IRL","GGDEBT","TOT","PC_GDP","A","2010",83.38242,
"IRL","GGDEBT","TOT","PC_GDP","A","2011",110.8424,
"IRL","GGDEBT","TOT","PC_GDP","A","2012",129.0712,
"IRL","GGDEBT","TOT","PC_GDP","A","2013",132.1772,
"IRL","GGDEBT","TOT","PC_GDP","A","2014",121.4623,
"IRL","GGDEBT","TOT","PC_GDP","A","2015",88.47274,
"IRL","GGDEBT","TOT","PC_GDP","A","2016",85.18559,
"IRL","GGDEBT","TOT","PC_GDP","A","2017",76.48124,
"IRL","GGDEBT","TOT","PC_GDP","A","2018",74.47817,
"IRL","GGDEBT","TOT","PC_GDP","A","2019",68.80175,
"IRL","GGDEBT","TOT","PC_GDP","A","2020",71.58823,
"ITA","GGDEBT","TOT","PC_GDP","A","1995",118.7002,
"ITA","GGDEBT","TOT","PC_GDP","A","1996",124.7448,
"ITA","GGDEBT","TOT","PC_GDP","A","1997",126.6052,
"ITA","GGDEBT","TOT","PC_GDP","A","1998",127.9088,
"ITA","GGDEBT","TOT","PC_GDP","A","1999",122.3445,
"ITA","GGDEBT","TOT","PC_GDP","A","2000",118.3671,
"ITA","GGDEBT","TOT","PC_GDP","A","2001",117.2806,
"ITA","GGDEBT","TOT","PC_GDP","A","2002",116.2172,
"ITA","GGDEBT","TOT","PC_GDP","A","2003",113.8618,
"ITA","GGDEBT","TOT","PC_GDP","A","2004",114.5142,
"ITA","GGDEBT","TOT","PC_GDP","A","2005",117.2105,
"ITA","GGDEBT","TOT","PC_GDP","A","2006",114.6298,
"ITA","GGDEBT","TOT","PC_GDP","A","2007",110.2318,
"ITA","GGDEBT","TOT","PC_GDP","A","2008",112.5272,
"ITA","GGDEBT","TOT","PC_GDP","A","2009",125.5098,
"ITA","GGDEBT","TOT","PC_GDP","A","2010",124.3315,
"ITA","GGDEBT","TOT","PC_GDP","A","2011",117.2033,
"ITA","GGDEBT","TOT","PC_GDP","A","2012",135.375,
"ITA","GGDEBT","TOT","PC_GDP","A","2013",143.1716,
"ITA","GGDEBT","TOT","PC_GDP","A","2014",155.6326,
"ITA","GGDEBT","TOT","PC_GDP","A","2015",156.8527,
"ITA","GGDEBT","TOT","PC_GDP","A","2016",154.551,
"ITA","GGDEBT","TOT","PC_GDP","A","2017",152.0244,
"ITA","GGDEBT","TOT","PC_GDP","A","2018",146.8379,
"ITA","GGDEBT","TOT","PC_GDP","A","2019",154.0882,
"ITA","GGDEBT","TOT","PC_GDP","A","2020",183.4948,
"JPN","GGDEBT","TOT","PC_GDP","A","1995",93.14038,
"JPN","GGDEBT","TOT","PC_GDP","A","1996",99.18596,
"JPN","GGDEBT","TOT","PC_GDP","A","1997",108.4692,
"JPN","GGDEBT","TOT","PC_GDP","A","1998",118.5201,
"JPN","GGDEBT","TOT","PC_GDP","A","1999",130.901,
"JPN","GGDEBT","TOT","PC_GDP","A","2000",140.8035,
"JPN","GGDEBT","TOT","PC_GDP","A","2001",146.8432,
"JPN","GGDEBT","TOT","PC_GDP","A","2002",157.0952,
"JPN","GGDEBT","TOT","PC_GDP","A","2003",166.3147,
"JPN","GGDEBT","TOT","PC_GDP","A","2004",171.6758,
"JPN","GGDEBT","TOT","PC_GDP","A","2005",172.3288,
"JPN","GGDEBT","TOT","PC_GDP","A","2006",172.6997,
"JPN","GGDEBT","TOT","PC_GDP","A","2007",174.25,
"JPN","GGDEBT","TOT","PC_GDP","A","2008",178.162,
"JPN","GGDEBT","TOT","PC_GDP","A","2009",199.3785,
"JPN","GGDEBT","TOT","PC_GDP","A","2010",204.4288,
"JPN","GGDEBT","TOT","PC_GDP","A","2011",217.9909,
"JPN","GGDEBT","TOT","PC_GDP","A","2012",226.6518,
"JPN","GGDEBT","TOT","PC_GDP","A","2013",229.6815,
"JPN","GGDEBT","TOT","PC_GDP","A","2014",234.385,
"JPN","GGDEBT","TOT","PC_GDP","A","2015",233.2885,
"JPN","GGDEBT","TOT","PC_GDP","A","2016",231.3763,
"JPN","GGDEBT","TOT","PC_GDP","A","2017",230.305,
"JPN","GGDEBT","TOT","PC_GDP","A","2018",234.2955,
"JPN","GGDEBT","TOT","PC_GDP","A","2019",234.5459,
"JPN","GGDEBT","TOT","PC_GDP","A","2020",257.7505,
"KOR","GGDEBT","TOT","PC_GDP","A","2008",37.69713,
"KOR","GGDEBT","TOT","PC_GDP","A","2009",41.44781,
"KOR","GGDEBT","TOT","PC_GDP","A","2010",42.37439,
"KOR","GGDEBT","TOT","PC_GDP","A","2011",45.30499,
"KOR","GGDEBT","TOT","PC_GDP","A","2012",47.45657,
"KOR","GGDEBT","TOT","PC_GDP","A","2013",47.91624,
"KOR","GGDEBT","TOT","PC_GDP","A","2014",50.70885,
"KOR","GGDEBT","TOT","PC_GDP","A","2015",52.45921,
"KOR","GGDEBT","TOT","PC_GDP","A","2016",51.61334,
"KOR","GGDEBT","TOT","PC_GDP","A","2017",49.43649,
"KOR","GGDEBT","TOT","PC_GDP","A","2018",50.41999,
"KOR","GGDEBT","TOT","PC_GDP","A","2019",52.6506,
"KOR","GGDEBT","TOT","PC_GDP","A","2020",58.76943,
"LUX","GGDEBT","TOT","PC_GDP","A","1995",22.71658,
"LUX","GGDEBT","TOT","PC_GDP","A","1996",22.17837,
"LUX","GGDEBT","TOT","PC_GDP","A","1997",21.24754,
"LUX","GGDEBT","TOT","PC_GDP","A","1998",21.1522,
"LUX","GGDEBT","TOT","PC_GDP","A","1999",19.12661,
"LUX","GGDEBT","TOT","PC_GDP","A","2000",17.84571,
"LUX","GGDEBT","TOT","PC_GDP","A","2001",18.03907,
"LUX","GGDEBT","TOT","PC_GDP","A","2002",18.23463,
"LUX","GGDEBT","TOT","PC_GDP","A","2003",19.41867,
"LUX","GGDEBT","TOT","PC_GDP","A","2004",20.09207,
"LUX","GGDEBT","TOT","PC_GDP","A","2005",18.7591,
"LUX","GGDEBT","TOT","PC_GDP","A","2006",17.61033,
"LUX","GGDEBT","TOT","PC_GDP","A","2007",17.13766,
"LUX","GGDEBT","TOT","PC_GDP","A","2008",24.58475,
"LUX","GGDEBT","TOT","PC_GDP","A","2009",22.62495,
"LUX","GGDEBT","TOT","PC_GDP","A","2010",27.4726,
"LUX","GGDEBT","TOT","PC_GDP","A","2011",27.08782,
"LUX","GGDEBT","TOT","PC_GDP","A","2012",28.1611,
"LUX","GGDEBT","TOT","PC_GDP","A","2013",28.61329,
"LUX","GGDEBT","TOT","PC_GDP","A","2014",29.3765,
"LUX","GGDEBT","TOT","PC_GDP","A","2015",29.29929,
"LUX","GGDEBT","TOT","PC_GDP","A","2016",27.20946,
"LUX","GGDEBT","TOT","PC_GDP","A","2017",28.96187,
"LUX","GGDEBT","TOT","PC_GDP","A","2018",28.67122,
"LUX","GGDEBT","TOT","PC_GDP","A","2019",30.29885,
"LUX","GGDEBT","TOT","PC_GDP","A","2020",32.61319,
"MEX","GGDEBT","TOT","PC_GDP","A","2003",37.22353,
"MEX","GGDEBT","TOT","PC_GDP","A","2004",37.01357,
"MEX","GGDEBT","TOT","PC_GDP","A","2005",38.6965,
"MEX","GGDEBT","TOT","PC_GDP","A","2006",42.08869,
"MEX","GGDEBT","TOT","PC_GDP","A","2007",45.70341,
"MEX","GGDEBT","TOT","PC_GDP","A","2008",49.09856,
"MEX","GGDEBT","TOT","PC_GDP","A","2009",41.07824,
"MEX","GGDEBT","TOT","PC_GDP","A","2010",40.97847,
"MEX","GGDEBT","TOT","PC_GDP","A","2011",43.9981,
"MEX","GGDEBT","TOT","PC_GDP","A","2012",45.92216,
"MEX","GGDEBT","TOT","PC_GDP","A","2013",50.17395,
"MEX","GGDEBT","TOT","PC_GDP","A","2014",52.5362,
"MEX","GGDEBT","TOT","PC_GDP","A","2015",53.50709,
"MEX","GGDEBT","TOT","PC_GDP","A","2016",49.81908,
"MEX","GGDEBT","TOT","PC_GDP","A","2017",48.63548,
"MEX","GGDEBT","TOT","PC_GDP","A","2018",48.53486,
"MEX","GGDEBT","TOT","PC_GDP","A","2019",50.71989,
"MEX","GGDEBT","TOT","PC_GDP","A","2020",58.86074,
"NLD","GGDEBT","TOT","PC_GDP","A","1995",85.84421,
"NLD","GGDEBT","TOT","PC_GDP","A","1996",84.62444,
"NLD","GGDEBT","TOT","PC_GDP","A","1997",79.35515,
"NLD","GGDEBT","TOT","PC_GDP","A","1998",77.17115,
"NLD","GGDEBT","TOT","PC_GDP","A","1999",68.58477,
"NLD","GGDEBT","TOT","PC_GDP","A","2000",62.40036,
"NLD","GGDEBT","TOT","PC_GDP","A","2001",58.45364,
"NLD","GGDEBT","TOT","PC_GDP","A","2002",58.90744,
"NLD","GGDEBT","TOT","PC_GDP","A","2003",59.94637,
"NLD","GGDEBT","TOT","PC_GDP","A","2004",60.26118,
"NLD","GGDEBT","TOT","PC_GDP","A","2005",59.43404,
"NLD","GGDEBT","TOT","PC_GDP","A","2006",53.08359,
"NLD","GGDEBT","TOT","PC_GDP","A","2007",50.46062,
"NLD","GGDEBT","TOT","PC_GDP","A","2008",62.67974,
"NLD","GGDEBT","TOT","PC_GDP","A","2009",65.25842,
"NLD","GGDEBT","TOT","PC_GDP","A","2010",69.34903,
"NLD","GGDEBT","TOT","PC_GDP","A","2011",73.63333,
"NLD","GGDEBT","TOT","PC_GDP","A","2012",79.34395,
"NLD","GGDEBT","TOT","PC_GDP","A","2013",78.8297,
"NLD","GGDEBT","TOT","PC_GDP","A","2014",83.26881,
"NLD","GGDEBT","TOT","PC_GDP","A","2015",79.63603,
"NLD","GGDEBT","TOT","PC_GDP","A","2016",77.59061,
"NLD","GGDEBT","TOT","PC_GDP","A","2017",70.79819,
"NLD","GGDEBT","TOT","PC_GDP","A","2018",65.9794,
"NLD","GGDEBT","TOT","PC_GDP","A","2019",62.25212,
"NLD","GGDEBT","TOT","PC_GDP","A","2020",70.17966,
"NLD","GGDEBT","TOT","PC_GDP","A","2021",66.29334,
"NOR","GGDEBT","TOT","PC_GDP","A","1995",37.96455,
"NOR","GGDEBT","TOT","PC_GDP","A","1996",33.58703,
"NOR","GGDEBT","TOT","PC_GDP","A","1997",29.77167,
"NOR","GGDEBT","TOT","PC_GDP","A","1998",28.20738,
"NOR","GGDEBT","TOT","PC_GDP","A","1999",29.36756,
"NOR","GGDEBT","TOT","PC_GDP","A","2000",32.81667,
"NOR","GGDEBT","TOT","PC_GDP","A","2001",31.88161,
"NOR","GGDEBT","TOT","PC_GDP","A","2002",39.18916,
"NOR","GGDEBT","TOT","PC_GDP","A","2003",48.5107,
"NOR","GGDEBT","TOT","PC_GDP","A","2004",50.36203,
"NOR","GGDEBT","TOT","PC_GDP","A","2005",47.38026,
"NOR","GGDEBT","TOT","PC_GDP","A","2006",58.26883,
"NOR","GGDEBT","TOT","PC_GDP","A","2007",56.08408,
"NOR","GGDEBT","TOT","PC_GDP","A","2008",54.77628,
"NOR","GGDEBT","TOT","PC_GDP","A","2009",48.8372,
"NOR","GGDEBT","TOT","PC_GDP","A","2010",49.23193,
"NOR","GGDEBT","TOT","PC_GDP","A","2011",34.72052,
"NOR","GGDEBT","TOT","PC_GDP","A","2012",35.8749,
"NOR","GGDEBT","TOT","PC_GDP","A","2013",36.46191,
"NOR","GGDEBT","TOT","PC_GDP","A","2014",34.71998,
"NOR","GGDEBT","TOT","PC_GDP","A","2015",40.22136,
"NOR","GGDEBT","TOT","PC_GDP","A","2016",44.2576,
"NOR","GGDEBT","TOT","PC_GDP","A","2017",44.66471,
"NOR","GGDEBT","TOT","PC_GDP","A","2018",45.34084,
"NOR","GGDEBT","TOT","PC_GDP","A","2019",46.8036,
"NOR","GGDEBT","TOT","PC_GDP","A","2020",53.53421,
"NOR","GGDEBT","TOT","PC_GDP","A","2021",49.31942,
"POL","GGDEBT","TOT","PC_GDP","A","1995",50.37017,
"POL","GGDEBT","TOT","PC_GDP","A","1996",50.20718,
"POL","GGDEBT","TOT","PC_GDP","A","1997",47.54287,
"POL","GGDEBT","TOT","PC_GDP","A","1998",43.25093,
"POL","GGDEBT","TOT","PC_GDP","A","1999",45.90245,
"POL","GGDEBT","TOT","PC_GDP","A","2000",45.94862,
"POL","GGDEBT","TOT","PC_GDP","A","2001",44.5729,
"POL","GGDEBT","TOT","PC_GDP","A","2002",54.02126,
"POL","GGDEBT","TOT","PC_GDP","A","2003",56.20479,
"POL","GGDEBT","TOT","PC_GDP","A","2004",53.77193,
"POL","GGDEBT","TOT","PC_GDP","A","2005",55.25204,
"POL","GGDEBT","TOT","PC_GDP","A","2006",54.96175,
"POL","GGDEBT","TOT","PC_GDP","A","2007",51.55544,
"POL","GGDEBT","TOT","PC_GDP","A","2008",53.87738,
"POL","GGDEBT","TOT","PC_GDP","A","2009",57.18409,
"POL","GGDEBT","TOT","PC_GDP","A","2010",61.68219,
"POL","GGDEBT","TOT","PC_GDP","A","2011",62.17559,
"POL","GGDEBT","TOT","PC_GDP","A","2012",65.55442,
"POL","GGDEBT","TOT","PC_GDP","A","2013",66.44769,
"POL","GGDEBT","TOT","PC_GDP","A","2014",71.43756,
"POL","GGDEBT","TOT","PC_GDP","A","2015",70.20952,
"POL","GGDEBT","TOT","PC_GDP","A","2016",73.00561,
"POL","GGDEBT","TOT","PC_GDP","A","2017",68.71675,
"POL","GGDEBT","TOT","PC_GDP","A","2018",66.76117,
"POL","GGDEBT","TOT","PC_GDP","A","2019",63.37466,
"POL","GGDEBT","TOT","PC_GDP","A","2020",77.32561,
"POL","GGDEBT","TOT","PC_GDP","A","2021",68.27648,
"PRT","GGDEBT","TOT","PC_GDP","A","1995",76.35425,
"PRT","GGDEBT","TOT","PC_GDP","A","1996",77.55743,
"PRT","GGDEBT","TOT","PC_GDP","A","1997",74.14362,
"PRT","GGDEBT","TOT","PC_GDP","A","1998",72.70798,
"PRT","GGDEBT","TOT","PC_GDP","A","1999",69.68423,
"PRT","GGDEBT","TOT","PC_GDP","A","2000",67.71098,
"PRT","GGDEBT","TOT","PC_GDP","A","2001",69.68221,
"PRT","GGDEBT","TOT","PC_GDP","A","2002",71.81933,
"PRT","GGDEBT","TOT","PC_GDP","A","2003",75.64095,
"PRT","GGDEBT","TOT","PC_GDP","A","2004",80.57453,
"PRT","GGDEBT","TOT","PC_GDP","A","2005",83.86554,
"PRT","GGDEBT","TOT","PC_GDP","A","2006",82.98192,
"PRT","GGDEBT","TOT","PC_GDP","A","2007",80.51186,
"PRT","GGDEBT","TOT","PC_GDP","A","2008",84.4994,
"PRT","GGDEBT","TOT","PC_GDP","A","2009",97.63227,
"PRT","GGDEBT","TOT","PC_GDP","A","2010",105.6683,
"PRT","GGDEBT","TOT","PC_GDP","A","2011",109.8804,
"PRT","GGDEBT","TOT","PC_GDP","A","2012",137.316,
"PRT","GGDEBT","TOT","PC_GDP","A","2013",141.066,
"PRT","GGDEBT","TOT","PC_GDP","A","2014",150.745,
"PRT","GGDEBT","TOT","PC_GDP","A","2015",148.4184,
"PRT","GGDEBT","TOT","PC_GDP","A","2016",144.3118,
"PRT","GGDEBT","TOT","PC_GDP","A","2017",143.1314,
"PRT","GGDEBT","TOT","PC_GDP","A","2018",137.2647,
"PRT","GGDEBT","TOT","PC_GDP","A","2019",135.6317,
"PRT","GGDEBT","TOT","PC_GDP","A","2020",157.2174,
"PRT","GGDEBT","TOT","PC_GDP","A","2021",145.4745,
"SVK","GGDEBT","TOT","PC_GDP","A","1995",37.46692,
"SVK","GGDEBT","TOT","PC_GDP","A","1996",36.99472,
"SVK","GGDEBT","TOT","PC_GDP","A","1997",38.34319,
"SVK","GGDEBT","TOT","PC_GDP","A","1998",40.67296,
"SVK","GGDEBT","TOT","PC_GDP","A","1999",53.07943,
"SVK","GGDEBT","TOT","PC_GDP","A","2000",58.7788,
"SVK","GGDEBT","TOT","PC_GDP","A","2001",58.50409,
"SVK","GGDEBT","TOT","PC_GDP","A","2002",51.50904,
"SVK","GGDEBT","TOT","PC_GDP","A","2003",49.37656,
"SVK","GGDEBT","TOT","PC_GDP","A","2004",46.75459,
"SVK","GGDEBT","TOT","PC_GDP","A","2005",39.90452,
"SVK","GGDEBT","TOT","PC_GDP","A","2006",37.59237,
"SVK","GGDEBT","TOT","PC_GDP","A","2007",36.06627,
"SVK","GGDEBT","TOT","PC_GDP","A","2008",34.8899,
"SVK","GGDEBT","TOT","PC_GDP","A","2009",44.03915,
"SVK","GGDEBT","TOT","PC_GDP","A","2010",48.53898,
"SVK","GGDEBT","TOT","PC_GDP","A","2011",51.31785,
"SVK","GGDEBT","TOT","PC_GDP","A","2012",60.95338,
"SVK","GGDEBT","TOT","PC_GDP","A","2013",65.37371,
"SVK","GGDEBT","TOT","PC_GDP","A","2014",67.98676,
"SVK","GGDEBT","TOT","PC_GDP","A","2015",66.39359,
"SVK","GGDEBT","TOT","PC_GDP","A","2016",67.77117,
"SVK","GGDEBT","TOT","PC_GDP","A","2017",65.51965,
"SVK","GGDEBT","TOT","PC_GDP","A","2018",63.33213,
"SVK","GGDEBT","TOT","PC_GDP","A","2019",63.03254,
"SVK","GGDEBT","TOT","PC_GDP","A","2020",78.74482,
"ESP","GGDEBT","TOT","PC_GDP","A","1995",68.21845,
"ESP","GGDEBT","TOT","PC_GDP","A","1996",74.64407,
"ESP","GGDEBT","TOT","PC_GDP","A","1997",73.68642,
"ESP","GGDEBT","TOT","PC_GDP","A","1998",73.64031,
"ESP","GGDEBT","TOT","PC_GDP","A","1999",68.24917,
"ESP","GGDEBT","TOT","PC_GDP","A","2000",65.46413,
"ESP","GGDEBT","TOT","PC_GDP","A","2001",60.91516,
"ESP","GGDEBT","TOT","PC_GDP","A","2002",59.58066,
"ESP","GGDEBT","TOT","PC_GDP","A","2003",54.94661,
"ESP","GGDEBT","TOT","PC_GDP","A","2004",53.06485,
"ESP","GGDEBT","TOT","PC_GDP","A","2005",50.47991,
"ESP","GGDEBT","TOT","PC_GDP","A","2006",46.09558,
"ESP","GGDEBT","TOT","PC_GDP","A","2007",42.35281,
"ESP","GGDEBT","TOT","PC_GDP","A","2008",47.68485,
"ESP","GGDEBT","TOT","PC_GDP","A","2009",62.65619,
"ESP","GGDEBT","TOT","PC_GDP","A","2010",67.3768,
"ESP","GGDEBT","TOT","PC_GDP","A","2011",78.33935,
"ESP","GGDEBT","TOT","PC_GDP","A","2012",93.4564,
"ESP","GGDEBT","TOT","PC_GDP","A","2013",106.5573,
"ESP","GGDEBT","TOT","PC_GDP","A","2014",119.4734,
"ESP","GGDEBT","TOT","PC_GDP","A","2015",117.0753,
"ESP","GGDEBT","TOT","PC_GDP","A","2016",117.3305,
"ESP","GGDEBT","TOT","PC_GDP","A","2017",115.7774,
"ESP","GGDEBT","TOT","PC_GDP","A","2018",114.5979,
"ESP","GGDEBT","TOT","PC_GDP","A","2019",117.7095,
"ESP","GGDEBT","TOT","PC_GDP","A","2020",147.5054,
"ESP","GGDEBT","TOT","PC_GDP","A","2021",142.5144,
"SWE","GGDEBT","TOT","PC_GDP","A","1995",76.79362,
"SWE","GGDEBT","TOT","PC_GDP","A","1996",79.49146,
"SWE","GGDEBT","TOT","PC_GDP","A","1997",82.5785,
"SWE","GGDEBT","TOT","PC_GDP","A","1998",83.22675,
"SWE","GGDEBT","TOT","PC_GDP","A","1999",73.95229,
"SWE","GGDEBT","TOT","PC_GDP","A","2000",64.17264,
"SWE","GGDEBT","TOT","PC_GDP","A","2001",65.88911,
"SWE","GGDEBT","TOT","PC_GDP","A","2002",66.10361,
"SWE","GGDEBT","TOT","PC_GDP","A","2003",65.15734,
"SWE","GGDEBT","TOT","PC_GDP","A","2004",64.67578,
"SWE","GGDEBT","TOT","PC_GDP","A","2005",65.53495,
"SWE","GGDEBT","TOT","PC_GDP","A","2006",59.33917,
"SWE","GGDEBT","TOT","PC_GDP","A","2007",53.72195,
"SWE","GGDEBT","TOT","PC_GDP","A","2008",52.64076,
"SWE","GGDEBT","TOT","PC_GDP","A","2009",55.97362,
"SWE","GGDEBT","TOT","PC_GDP","A","2010",53.35091,
"SWE","GGDEBT","TOT","PC_GDP","A","2011",53.82554,
"SWE","GGDEBT","TOT","PC_GDP","A","2012",55.14404,
"SWE","GGDEBT","TOT","PC_GDP","A","2013",57.99327,
"SWE","GGDEBT","TOT","PC_GDP","A","2014",64.19485,
"SWE","GGDEBT","TOT","PC_GDP","A","2015",62.32385,
"SWE","GGDEBT","TOT","PC_GDP","A","2016",61.91961,
"SWE","GGDEBT","TOT","PC_GDP","A","2017",60.09443,
"SWE","GGDEBT","TOT","PC_GDP","A","2018",59.19948,
"SWE","GGDEBT","TOT","PC_GDP","A","2019",55.86574,
"SWE","GGDEBT","TOT","PC_GDP","A","2020",62.20846,
"SWE","GGDEBT","TOT","PC_GDP","A","2021",58.73977,
"CHE","GGDEBT","TOT","PC_GDP","A","1999",54.34225,
"CHE","GGDEBT","TOT","PC_GDP","A","2000",53.73472,
"CHE","GGDEBT","TOT","PC_GDP","A","2001",51.90093,
"CHE","GGDEBT","TOT","PC_GDP","A","2002",57.86365,
"CHE","GGDEBT","TOT","PC_GDP","A","2003",56.88582,
"CHE","GGDEBT","TOT","PC_GDP","A","2004",58.01897,
"CHE","GGDEBT","TOT","PC_GDP","A","2005",55.38356,
"CHE","GGDEBT","TOT","PC_GDP","A","2006",49.22662,
"CHE","GGDEBT","TOT","PC_GDP","A","2007",45.67905,
"CHE","GGDEBT","TOT","PC_GDP","A","2008",45.57206,
"CHE","GGDEBT","TOT","PC_GDP","A","2009",44.01712,
"CHE","GGDEBT","TOT","PC_GDP","A","2010",42.63074,
"CHE","GGDEBT","TOT","PC_GDP","A","2011",42.85775,
"CHE","GGDEBT","TOT","PC_GDP","A","2012",43.37218,
"CHE","GGDEBT","TOT","PC_GDP","A","2013",42.59903,
"CHE","GGDEBT","TOT","PC_GDP","A","2014",42.46764,
"CHE","GGDEBT","TOT","PC_GDP","A","2015",42.37722,
"CHE","GGDEBT","TOT","PC_GDP","A","2016",41.18677,
"CHE","GGDEBT","TOT","PC_GDP","A","2017",41.89757,
"CHE","GGDEBT","TOT","PC_GDP","A","2018",39.73589,
"CHE","GGDEBT","TOT","PC_GDP","A","2019",39.49329,
"CHE","GGDEBT","TOT","PC_GDP","A","2020",42.94478,
"CHE","GGDEBT","TOT","PC_GDP","A","2021",40.49041,
"TUR","GGDEBT","TOT","PC_GDP","A","2010",48.90123,
"TUR","GGDEBT","TOT","PC_GDP","A","2011",43.60278,
"TUR","GGDEBT","TOT","PC_GDP","A","2012",40.94091,
"TUR","GGDEBT","TOT","PC_GDP","A","2013",34.28374,
"TUR","GGDEBT","TOT","PC_GDP","A","2014",33.23423,
"TUR","GGDEBT","TOT","PC_GDP","A","2015",32.59971,
"TUR","GGDEBT","TOT","PC_GDP","A","2016",34.35389,
"TUR","GGDEBT","TOT","PC_GDP","A","2017",32.27594,
"TUR","GGDEBT","TOT","PC_GDP","A","2018",32.27837,
"TUR","GGDEBT","TOT","PC_GDP","A","2019",35.18266,
"TUR","GGDEBT","TOT","PC_GDP","A","2020",42.98997,
"GBR","GGDEBT","TOT","PC_GDP","A","1995",53.34787,
"GBR","GGDEBT","TOT","PC_GDP","A","1996",52.38968,
"GBR","GGDEBT","TOT","PC_GDP","A","1997",52.07147,
"GBR","GGDEBT","TOT","PC_GDP","A","1998",53.0891,
"GBR","GGDEBT","TOT","PC_GDP","A","1999",47.81232,
"GBR","GGDEBT","TOT","PC_GDP","A","2000",49.31953,
"GBR","GGDEBT","TOT","PC_GDP","A","2001",46.67927,
"GBR","GGDEBT","TOT","PC_GDP","A","2002",49.48914,
"GBR","GGDEBT","TOT","PC_GDP","A","2003",48.55965,
"GBR","GGDEBT","TOT","PC_GDP","A","2004",51.82043,
"GBR","GGDEBT","TOT","PC_GDP","A","2005",52.11374,
"GBR","GGDEBT","TOT","PC_GDP","A","2006",51.15377,
"GBR","GGDEBT","TOT","PC_GDP","A","2007",52.86524,
"GBR","GGDEBT","TOT","PC_GDP","A","2008",65.33158,
"GBR","GGDEBT","TOT","PC_GDP","A","2009",78.35915,
"GBR","GGDEBT","TOT","PC_GDP","A","2010",89.12036,
"GBR","GGDEBT","TOT","PC_GDP","A","2011",102.7466,
"GBR","GGDEBT","TOT","PC_GDP","A","2012",106.8435,
"GBR","GGDEBT","TOT","PC_GDP","A","2013",102.6056,
"GBR","GGDEBT","TOT","PC_GDP","A","2014",112.4167,
"GBR","GGDEBT","TOT","PC_GDP","A","2015",111.7456,
"GBR","GGDEBT","TOT","PC_GDP","A","2016",118.4909,
"GBR","GGDEBT","TOT","PC_GDP","A","2017",119.1195,
"GBR","GGDEBT","TOT","PC_GDP","A","2018",115.6084,
"GBR","GGDEBT","TOT","PC_GDP","A","2019",118.4764,
"GBR","GGDEBT","TOT","PC_GDP","A","2020",148.9961,
"GBR","GGDEBT","TOT","PC_GDP","A","2021",142.9937,
"USA","GGDEBT","TOT","PC_GDP","A","1995",93.71502,
"USA","GGDEBT","TOT","PC_GDP","A","1996",91.18478,
"USA","GGDEBT","TOT","PC_GDP","A","1997",86.10175,
"USA","GGDEBT","TOT","PC_GDP","A","1998",81.56144,
"USA","GGDEBT","TOT","PC_GDP","A","1999",76.15707,
"USA","GGDEBT","TOT","PC_GDP","A","2000",72.13879,
"USA","GGDEBT","TOT","PC_GDP","A","2001",74.78939,
"USA","GGDEBT","TOT","PC_GDP","A","2002",80.4574,
"USA","GGDEBT","TOT","PC_GDP","A","2003",81.89079,
"USA","GGDEBT","TOT","PC_GDP","A","2004",88.89994,
"USA","GGDEBT","TOT","PC_GDP","A","2005",88.6264,
"USA","GGDEBT","TOT","PC_GDP","A","2006",85.98925,
"USA","GGDEBT","TOT","PC_GDP","A","2007",86.31107,
"USA","GGDEBT","TOT","PC_GDP","A","2008",102.0682,
"USA","GGDEBT","TOT","PC_GDP","A","2009",115.5154,
"USA","GGDEBT","TOT","PC_GDP","A","2010",125.4033,
"USA","GGDEBT","TOT","PC_GDP","A","2011",130.5515,
"USA","GGDEBT","TOT","PC_GDP","A","2012",132.3335,
"USA","GGDEBT","TOT","PC_GDP","A","2013",135.882,
"USA","GGDEBT","TOT","PC_GDP","A","2014",135.5564,
"USA","GGDEBT","TOT","PC_GDP","A","2015",136.9806,
"USA","GGDEBT","TOT","PC_GDP","A","2016",138.8308,
"USA","GGDEBT","TOT","PC_GDP","A","2017",135.5322,
"USA","GGDEBT","TOT","PC_GDP","A","2018",137.4634,
"USA","GGDEBT","TOT","PC_GDP","A","2019",136.226,
"USA","GGDEBT","TOT","PC_GDP","A","2020",161.7265,
"USA","GGDEBT","TOT","PC_GDP","A","2021",150.4953,
"CHL","GGDEBT","TOT","PC_GDP","A","2003",23.74271,
"CHL","GGDEBT","TOT","PC_GDP","A","2004",20.68664,
"CHL","GGDEBT","TOT","PC_GDP","A","2005",16.3467,
"CHL","GGDEBT","TOT","PC_GDP","A","2006",13.3304,
"CHL","GGDEBT","TOT","PC_GDP","A","2007",11.32408,
"CHL","GGDEBT","TOT","PC_GDP","A","2008",12.44426,
"CHL","GGDEBT","TOT","PC_GDP","A","2009",13.31179,
"CHL","GGDEBT","TOT","PC_GDP","A","2010",15.30875,
"CHL","GGDEBT","TOT","PC_GDP","A","2011",17.97313,
"CHL","GGDEBT","TOT","PC_GDP","A","2012",18.45457,
"CHL","GGDEBT","TOT","PC_GDP","A","2013",18.90998,
"CHL","GGDEBT","TOT","PC_GDP","A","2014",22.43379,
"CHL","GGDEBT","TOT","PC_GDP","A","2015",24.36098,
"CHL","GGDEBT","TOT","PC_GDP","A","2016",28.09989,
"CHL","GGDEBT","TOT","PC_GDP","A","2017",29.06645,
"CHL","GGDEBT","TOT","PC_GDP","A","2018",31.81245,
"CHL","GGDEBT","TOT","PC_GDP","A","2019",37.77597,
"CHL","GGDEBT","TOT","PC_GDP","A","2020",43.82093,
"EST","GGDEBT","TOT","PC_GDP","A","1995",12.89821,
"EST","GGDEBT","TOT","PC_GDP","A","1996",12.11695,
"EST","GGDEBT","TOT","PC_GDP","A","1997",11.05401,
"EST","GGDEBT","TOT","PC_GDP","A","1998",9.932494,
"EST","GGDEBT","TOT","PC_GDP","A","1999",10.75109,
"EST","GGDEBT","TOT","PC_GDP","A","2000",6.797215,
"EST","GGDEBT","TOT","PC_GDP","A","2001",6.65372,
"EST","GGDEBT","TOT","PC_GDP","A","2002",7.538434,
"EST","GGDEBT","TOT","PC_GDP","A","2003",8.355037,
"EST","GGDEBT","TOT","PC_GDP","A","2004",8.347772,
"EST","GGDEBT","TOT","PC_GDP","A","2005",8.245418,
"EST","GGDEBT","TOT","PC_GDP","A","2006",8.109703,
"EST","GGDEBT","TOT","PC_GDP","A","2007",7.194537,
"EST","GGDEBT","TOT","PC_GDP","A","2008",8.471504,
"EST","GGDEBT","TOT","PC_GDP","A","2009",12.75133,
"EST","GGDEBT","TOT","PC_GDP","A","2010",11.91295,
"EST","GGDEBT","TOT","PC_GDP","A","2011",9.47638,
"EST","GGDEBT","TOT","PC_GDP","A","2012",13.11515,
"EST","GGDEBT","TOT","PC_GDP","A","2013",13.5896,
"EST","GGDEBT","TOT","PC_GDP","A","2014",13.81369,
"EST","GGDEBT","TOT","PC_GDP","A","2015",12.72626,
"EST","GGDEBT","TOT","PC_GDP","A","2016",13.69603,
"EST","GGDEBT","TOT","PC_GDP","A","2017",13.14404,
"EST","GGDEBT","TOT","PC_GDP","A","2018",13.03409,
"EST","GGDEBT","TOT","PC_GDP","A","2019",13.6058,
"EST","GGDEBT","TOT","PC_GDP","A","2020",24.82139,
"ISR","GGDEBT","TOT","PC_GDP","A","2001",91.10816,
"ISR","GGDEBT","TOT","PC_GDP","A","2002",94.77459,
"ISR","GGDEBT","TOT","PC_GDP","A","2003",99.90399,
"ISR","GGDEBT","TOT","PC_GDP","A","2004",97.79697,
"ISR","GGDEBT","TOT","PC_GDP","A","2005",95.19723,
"ISR","GGDEBT","TOT","PC_GDP","A","2006",84.96254,
"ISR","GGDEBT","TOT","PC_GDP","A","2007",81.00371,
"ISR","GGDEBT","TOT","PC_GDP","A","2008",81.2259,
"ISR","GGDEBT","TOT","PC_GDP","A","2009",84.66612,
"ISR","GGDEBT","TOT","PC_GDP","A","2010",81.06735,
"ISR","GGDEBT","TOT","PC_GDP","A","2011",79.3185,
"ISR","GGDEBT","TOT","PC_GDP","A","2012",80.29465,
"ISR","GGDEBT","TOT","PC_GDP","A","2013",78.02088,
"ISR","GGDEBT","TOT","PC_GDP","A","2014",78.57818,
"ISR","GGDEBT","TOT","PC_GDP","A","2015",79.22581,
"ISR","GGDEBT","TOT","PC_GDP","A","2016",77.60934,
"ISR","GGDEBT","TOT","PC_GDP","A","2017",74.31145,
"ISR","GGDEBT","TOT","PC_GDP","A","2018",72.40247,
"ISR","GGDEBT","TOT","PC_GDP","A","2019",74.89933,
"ISR","GGDEBT","TOT","PC_GDP","A","2020",87.72168,
"SVN","GGDEBT","TOT","PC_GDP","A","1995",32.90467,
"SVN","GGDEBT","TOT","PC_GDP","A","1996",34.55093,
"SVN","GGDEBT","TOT","PC_GDP","A","1997",33.44769,
"SVN","GGDEBT","TOT","PC_GDP","A","1998",31.72924,
"SVN","GGDEBT","TOT","PC_GDP","A","1999",32.18282,
"SVN","GGDEBT","TOT","PC_GDP","A","2000",34.31262,
"SVN","GGDEBT","TOT","PC_GDP","A","2001",35.15276,
"SVN","GGDEBT","TOT","PC_GDP","A","2002",36.15499,
"SVN","GGDEBT","TOT","PC_GDP","A","2003",34.92329,
"SVN","GGDEBT","TOT","PC_GDP","A","2004",35.18146,
"SVN","GGDEBT","TOT","PC_GDP","A","2005",34.48221,
"SVN","GGDEBT","TOT","PC_GDP","A","2006",33.06923,
"SVN","GGDEBT","TOT","PC_GDP","A","2007",30.34488,
"SVN","GGDEBT","TOT","PC_GDP","A","2008",29.8953,
"SVN","GGDEBT","TOT","PC_GDP","A","2009",43.78715,
"SVN","GGDEBT","TOT","PC_GDP","A","2010",47.86614,
"SVN","GGDEBT","TOT","PC_GDP","A","2011",51.32956,
"SVN","GGDEBT","TOT","PC_GDP","A","2012",61.51445,
"SVN","GGDEBT","TOT","PC_GDP","A","2013",78.50644,
"SVN","GGDEBT","TOT","PC_GDP","A","2014",99.25522,
"SVN","GGDEBT","TOT","PC_GDP","A","2015",102.3766,
"SVN","GGDEBT","TOT","PC_GDP","A","2016",97.20789,
"SVN","GGDEBT","TOT","PC_GDP","A","2017",89.43223,
"SVN","GGDEBT","TOT","PC_GDP","A","2018",83.44844,
"SVN","GGDEBT","TOT","PC_GDP","A","2019",81.34025,
"SVN","GGDEBT","TOT","PC_GDP","A","2020",100.3431,
"SVN","GGDEBT","TOT","PC_GDP","A","2021",89.2654,
"ISL","GGDEBT","TOT","PC_GDP","A","2003",65.33788,
"ISL","GGDEBT","TOT","PC_GDP","A","2004",59.08294,
"ISL","GGDEBT","TOT","PC_GDP","A","2005",49.37447,
"ISL","GGDEBT","TOT","PC_GDP","A","2006",53.57243,
"ISL","GGDEBT","TOT","PC_GDP","A","2007",49.02363,
"ISL","GGDEBT","TOT","PC_GDP","A","2008",92.83931,
"ISL","GGDEBT","TOT","PC_GDP","A","2009",106.8859,
"ISL","GGDEBT","TOT","PC_GDP","A","2010",110.3226,
"ISL","GGDEBT","TOT","PC_GDP","A","2011",117.6031,
"ISL","GGDEBT","TOT","PC_GDP","A","2012",115.6603,
"ISL","GGDEBT","TOT","PC_GDP","A","2013",106.9493,
"LVA","GGDEBT","TOT","PC_GDP","A","1995",15.19953,
"LVA","GGDEBT","TOT","PC_GDP","A","1996",14.99294,
"LVA","GGDEBT","TOT","PC_GDP","A","1997",13.69537,
"LVA","GGDEBT","TOT","PC_GDP","A","1998",11.15609,
"LVA","GGDEBT","TOT","PC_GDP","A","1999",14.635,
"LVA","GGDEBT","TOT","PC_GDP","A","2000",14.45733,
"LVA","GGDEBT","TOT","PC_GDP","A","2001",15.84802,
"LVA","GGDEBT","TOT","PC_GDP","A","2002",15.86893,
"LVA","GGDEBT","TOT","PC_GDP","A","2003",16.99786,
"LVA","GGDEBT","TOT","PC_GDP","A","2004",18.09543,
"LVA","GGDEBT","TOT","PC_GDP","A","2005",15.04141,
"LVA","GGDEBT","TOT","PC_GDP","A","2006",15.08723,
"LVA","GGDEBT","TOT","PC_GDP","A","2007",13.47349,
"LVA","GGDEBT","TOT","PC_GDP","A","2008",23.80146,
"LVA","GGDEBT","TOT","PC_GDP","A","2009",42.19472,
"LVA","GGDEBT","TOT","PC_GDP","A","2010",53.9806,
"LVA","GGDEBT","TOT","PC_GDP","A","2011",51.44749,
"LVA","GGDEBT","TOT","PC_GDP","A","2012",49.15059,
"LVA","GGDEBT","TOT","PC_GDP","A","2013",46.23058,
"LVA","GGDEBT","TOT","PC_GDP","A","2014",51.23635,
"LVA","GGDEBT","TOT","PC_GDP","A","2015",46.58937,
"LVA","GGDEBT","TOT","PC_GDP","A","2016",50.29694,
"LVA","GGDEBT","TOT","PC_GDP","A","2017",47.60893,
"LVA","GGDEBT","TOT","PC_GDP","A","2018",46.29624,
"LVA","GGDEBT","TOT","PC_GDP","A","2019",47.51165,
"LVA","GGDEBT","TOT","PC_GDP","A","2020",55.38956,
"COL","GGDEBT","TOT","PC_GDP","A","2015",68.5365,
"COL","GGDEBT","TOT","PC_GDP","A","2016",73.09144,
"COL","GGDEBT","TOT","PC_GDP","A","2017",75.18874,
"COL","GGDEBT","TOT","PC_GDP","A","2018",88.96687,
"COL","GGDEBT","TOT","PC_GDP","A","2019",82.85362,
"LTU","GGDEBT","TOT","PC_GDP","A","1995",13.16117,
"LTU","GGDEBT","TOT","PC_GDP","A","1996",15.91078,
"LTU","GGDEBT","TOT","PC_GDP","A","1997",29.14343,
"LTU","GGDEBT","TOT","PC_GDP","A","1998",28.59608,
"LTU","GGDEBT","TOT","PC_GDP","A","1999",32.50804,
"LTU","GGDEBT","TOT","PC_GDP","A","2000",34.47864,
"LTU","GGDEBT","TOT","PC_GDP","A","2001",33.54134,
"LTU","GGDEBT","TOT","PC_GDP","A","2002",32.02078,
"LTU","GGDEBT","TOT","PC_GDP","A","2003",28.59028,
"LTU","GGDEBT","TOT","PC_GDP","A","2004",27.29396,
"LTU","GGDEBT","TOT","PC_GDP","A","2005",24.92345,
"LTU","GGDEBT","TOT","PC_GDP","A","2006",21.97566,
"LTU","GGDEBT","TOT","PC_GDP","A","2007",19.40425,
"LTU","GGDEBT","TOT","PC_GDP","A","2008",17.13637,
"LTU","GGDEBT","TOT","PC_GDP","A","2009",34.18004,
"LTU","GGDEBT","TOT","PC_GDP","A","2010",45.47084,
"LTU","GGDEBT","TOT","PC_GDP","A","2011",45.70202,
"LTU","GGDEBT","TOT","PC_GDP","A","2012",51.23444,
"LTU","GGDEBT","TOT","PC_GDP","A","2013",47.98796,
"LTU","GGDEBT","TOT","PC_GDP","A","2014",52.63488,
"LTU","GGDEBT","TOT","PC_GDP","A","2015",53.41456,
"LTU","GGDEBT","TOT","PC_GDP","A","2016",50.93634,
"LTU","GGDEBT","TOT","PC_GDP","A","2017",47.07026,
"LTU","GGDEBT","TOT","PC_GDP","A","2018",40.82228,
"LTU","GGDEBT","TOT","PC_GDP","A","2019",44.54394,
"LTU","GGDEBT","TOT","PC_GDP","A","2020",55.4529,
"NZL","GGDEBT","TOT","PC_GDP","A","2007",33.5,
"NZL","GGDEBT","TOT","PC_GDP","A","2008",35.59,
"NZL","GGDEBT","TOT","PC_GDP","A","2009",39.13,
"NZL","GGDEBT","TOT","PC_GDP","A","2010",43.28,
"NZL","GGDEBT","TOT","PC_GDP","A","2011",54.98,
"NZL","GGDEBT","TOT","PC_GDP","A","2012",60.25,
"NZL","GGDEBT","TOT","PC_GDP","A","2013",62.14,
"NZL","GGDEBT","TOT","PC_GDP","A","2014",55.57,
"NZL","GGDEBT","TOT","PC_GDP","A","2015",53.91,
"NZL","GGDEBT","TOT","PC_GDP","A","2016",54.47,
"NZL","GGDEBT","TOT","PC_GDP","A","2017",53.05,
"NZL","GGDEBT","TOT","PC_GDP","A","2018",53.12,
"NZL","GGDEBT","TOT","PC_GDP","A","2019",54.99,
"BRA","GGDEBT","TOT","PC_GDP","A","2009",86.95,
"BRA","GGDEBT","TOT","PC_GDP","A","2010",85,
"BRA","GGDEBT","TOT","PC_GDP","A","2011",81.68,
"BRA","GGDEBT","TOT","PC_GDP","A","2012",85.96,
"BRA","GGDEBT","TOT","PC_GDP","A","2013",76.42,
"BRA","GGDEBT","TOT","PC_GDP","A","2014",78.6,
"BRA","GGDEBT","TOT","PC_GDP","A","2015",85.99,
"BRA","GGDEBT","TOT","PC_GDP","A","2016",98.44,
"BRA","GGDEBT","TOT","PC_GDP","A","2017",104.39,
"BRA","GGDEBT","TOT","PC_GDP","A","2018",106,
"ROU","GGDEBT","TOT","PC_GDP","A","2007",16.69,
"ROU","GGDEBT","TOT","PC_GDP","A","2008",17.81,
"ROU","GGDEBT","TOT","PC_GDP","A","2009",28.98,
"ROU","GGDEBT","TOT","PC_GDP","A","2010",36.19,
"ROU","GGDEBT","TOT","PC_GDP","A","2011",41.9,
"ROU","GGDEBT","TOT","PC_GDP","A","2012",46.93,
"ROU","GGDEBT","TOT","PC_GDP","A","2013",47.54,
"ROU","GGDEBT","TOT","PC_GDP","A","2014",49.31,
"ROU","GGDEBT","TOT","PC_GDP","A","2015",47.39,
"ROU","GGDEBT","TOT","PC_GDP","A","2016",48.36,
"ROU","GGDEBT","TOT","PC_GDP","A","2017",45.18,
"ROU","GGDEBT","TOT","PC_GDP","A","2018",43.86,
"ROU","GGDEBT","TOT","PC_GDP","A","2019",44.47,
"ROU","GGDEBT","TOT","PC_GDP","A","2020",59.21,
"ROU","GGDEBT","TOT","PC_GDP","A","2021",57.34,
"RUS","GGDEBT","TOT","PC_GDP","A","2011",11.08,
"RUS","GGDEBT","TOT","PC_GDP","A","2012",10.91,
"RUS","GGDEBT","TOT","PC_GDP","A","2013",12.03,
"RUS","GGDEBT","TOT","PC_GDP","A","2014",14.49,
"RUS","GGDEBT","TOT","PC_GDP","A","2015",17.95,
"RUS","GGDEBT","TOT","PC_GDP","A","2016",18.56,
"RUS","GGDEBT","TOT","PC_GDP","A","2017",21.55,
"RUS","GGDEBT","TOT","PC_GDP","A","2018",20.96,
"RUS","GGDEBT","TOT","PC_GDP","A","2019",21.83,
"RUS","GGDEBT","TOT","PC_GDP","A","2020",28.92,
"OAVG","GGDEBT","TOT","PC_GDP","A","2007",51.95,
"OAVG","GGDEBT","TOT","PC_GDP","A","2008",57.05,
"OAVG","GGDEBT","TOT","PC_GDP","A","2009",66.06,
"OAVG","GGDEBT","TOT","PC_GDP","A","2010",69.9,
"OAVG","GGDEBT","TOT","PC_GDP","A","2011",72.84,
"OAVG","GGDEBT","TOT","PC_GDP","A","2012",80.17,
"OAVG","GGDEBT","TOT","PC_GDP","A","2013",81.29,
"OAVG","GGDEBT","TOT","PC_GDP","A","2014",85.09,
"OAVG","GGDEBT","TOT","PC_GDP","A","2015",83.62,
"OAVG","GGDEBT","TOT","PC_GDP","A","2016",83.61,
"OAVG","GGDEBT","TOT","PC_GDP","A","2017",81.21,
"OAVG","GGDEBT","TOT","PC_GDP","A","2018",79.43,
"OAVG","GGDEBT","TOT","PC_GDP","A","2019",80.01,
"OAVG","GGDEBT","TOT","PC_GDP","A","2020",94.65,
"OECD","GGDEBT","TOT","PC_GDP","A","2007",72.59,
"OECD","GGDEBT","TOT","PC_GDP","A","2008",78.7,
"OECD","GGDEBT","TOT","PC_GDP","A","2009",90.28,
"OECD","GGDEBT","TOT","PC_GDP","A","2010",95.99,
"OECD","GGDEBT","TOT","PC_GDP","A","2011",100.37,
"OECD","GGDEBT","TOT","PC_GDP","A","2012",106.42,
"OECD","GGDEBT","TOT","PC_GDP","A","2013",107.47,
"OECD","GGDEBT","TOT","PC_GDP","A","2014",110.71,
"OECD","GGDEBT","TOT","PC_GDP","A","2015",110.82,
"OECD","GGDEBT","TOT","PC_GDP","A","2016",111.23,
"OECD","GGDEBT","TOT","PC_GDP","A","2017",109.22,
"OECD","GGDEBT","TOT","PC_GDP","A","2018",108.39,
"OECD","GGDEBT","TOT","PC_GDP","A","2019",109.53,
"OECD","GGDEBT","TOT","PC_GDP","A","2020",130.33,
